date,text
7/9/2024,"Amazing product! The quality is top-notch, and it arrived quickly."
7/9/2024,Not what I expected. The material feels cheap and it broke after a week.
7/9/2024,Great value for the price. I am very satisfied with this purchase.
7/9/2024,"Fast shipping, but the product was damaged when it arrived."
7/9/2024,Highly recommend! Exceeded my expectations in every way.
7/9/2024,Disappointed. The color was completely different from what was shown.
7/9/2024,Perfect fit and excellent customer service. Will buy again.
7/9/2024,"Quality is decent, but the size runs small."
7/9/2024,"The product works as advertised, but the packaging was not secure."
7/10/2024,Five stars for both the product and the seller's service.
7/11/2024,"The instructions were unclear, but I managed to figure it out."
7/12/2024,"Lovely design, but it arrived with a few scratches."
7/13/2024,Exactly what I needed. Works perfectly with my setup.
7/14/2024,"The product is okay, but it took too long to arrive."
7/15/2024,Terrible quality. I would not recommend this to anyone.
7/16/2024,Stylish and functional. I get compliments all the time.
7/17/2024,"It does the job, but it's nothing special."
7/18/2024,Amazing experience. The product is just as described.
7/19/2024,"The price is a bit high, but the quality makes up for it."
7/20/2024,"Received the wrong item, and the seller was unhelpful."
7/21/2024,Great purchase! I'm very happy with the quality.
7/22/2024,"The product works fine, but I don't like the smell."
7/23/2024,Excellent build quality and easy to install.
7/24/2024,"The item was defective, but the return process was easy."
7/25/2024,I love it! It's exactly what I was looking for.
7/26/2024,"The product looks good, but it's not very durable."
7/27/2024,"Fantastic product, but I wish it was a bit cheaper."
7/28/2024,"The product is decent, but the customer service was lacking."
7/29/2024,"Great for the price, but there are better options out there."
7/30/2024,"It didn't work for me, but others might like it."
7/31/2024,Exceeded expectations! I will be buying more.
8/1/2024,"Not bad, but I have seen better."
8/2/2024,"The product is good, but the shipping was slow."
8/3/2024,I'm not impressed. The product is overpriced.
8/4/2024,"It works, but the instructions were confusing."
8/5/2024,"The product is fantastic, but it arrived late."
8/6/2024,I love the color and design. Very happy with this purchase.
8/7/2024,Disappointing. The product stopped working after a month.
8/8/2024,"Good quality, but not as durable as I hoped."
8/9/2024,"The product is okay, but the customer service is excellent."
8/10/2024,Amazing product! Highly recommend to everyone.
8/11/2024,"It's okay, but there are better options available."
8/12/2024,Exceeded my expectations. Great product.
8/13/2024,Product is not worth the money. Very disappointed.
8/14/2024,Fast shipping and great customer service.
8/15/2024,"The product is good, but the packaging could be better."
8/16/2024,I'm satisfied with my purchase. Would buy again.
8/17/2024,The product is exactly as described. Very happy.
8/18/2024,Poor quality. I would not recommend this.
8/19/2024,Excellent product and service. Will buy again.
9/1/2024,"Maganda ang kalidad ng produkto, mabilis pa ang delivery."
9/1/2024,Hindi ko nagustuhan ang produkto. Madaling nasira.
9/1/2024,Sulit ang presyo. Masaya ako sa pagbili ko nito.
9/1/2024,Mabilis ang shipping pero may sira ang produkto pagdating.
9/1/2024,Highly recommended! Lumagpas sa aking inaasahan.
9/1/2024,Hindi maganda. Iba ang kulay sa picture.
9/1/2024,Sakto ang sukat at maganda ang serbisyo. Bibili ulit ako.
9/1/2024,"Maganda ang kalidad, pero maliit ang sukat."
9/1/2024,Gumagana ang produkto pero hindi maayos ang packaging.
9/1/2024,Limang bituin para sa produkto at serbisyo ng nagbebenta.
9/1/2024,Malabo ang instructions pero nagawan ko ng paraan.
9/1/2024,Maganda ang disenyo pero may gasgas pagdating.
9/1/2024,Eksakto sa kailangan ko. Gumagana nang maayos.
9/1/2024,Okay naman ang produkto pero matagal dumating.
9/1/2024,Hindi maganda ang kalidad. Hindi ko ito irerekomenda.
9/1/2024,Maganda at functional. Lagi akong nakakatanggap ng compliments.
10/1/2024,Okay naman pero walang espesyal.
10/1/2024,Napakagandang karanasan. Eksaktong katulad ng inilarawan.
10/1/2024,Medyo mahal pero sulit ang kalidad.
10/1/2024,Maling item ang natanggap ko at hindi nakatulong ang seller.
10/1/2024,Masaya ako sa quality ng produkto. Maganda ang bili!
10/1/2024,Gumagana naman ang produkto pero hindi ko gusto ang amoy.
10/1/2024,Maganda ang build quality at madaling i-install.
10/1/2024,Defective ang item pero madaling ang proseso ng pagbalik.
10/1/2024,Gustong gusto ko ito! Eksaktong hinahanap ko.
10/1/2024,Maganda ang hitsura ng produkto pero madaling masira.
10/1/2024,Napakagandang produkto pero sana mas mura ng kaunti.
10/1/2024,Ayos lang ang produkto pero kulang ang customer service.
10/1/2024,Maganda para sa presyo pero may mas magagandang pagpipilian.
10/1/2024,Hindi ito gumana sa akin pero baka magustuhan ng iba.
10/1/2024,Lumagpas sa inaasahan! Bibili pa ulit ako.
10/1/2024,Hindi naman masama pero may nakita na akong mas maganda.
10/1/2024,Ayos ang produkto pero mabagal ang shipping.
10/1/2024,Hindi ako impressed. Overpriced ang produkto.
10/1/2024,Gumagana pero nakakalito ang instructions.
10/1/2024,Napakagandang produkto pero late dumating.
10/1/2024,Gustong gusto ko ang kulay at disenyo. Masaya ako sa pagbili nito.
10/1/2024,Nakakadismaya. Huminto ang produkto sa paggana matapos ang isang buwan.
11/8/2024,Maganda ang kalidad pero hindi gaanong matibay.
11/8/2024,Ayos lang ang produkto pero maganda ang customer service.
11/8/2024,Napakagandang produkto! Highly recommend sa lahat.
11/8/2024,Ayos lang pero may mas magagandang opsyon.
11/8/2024,Lumagpas sa aking inaasahan. Napakagandang produkto.
11/8/2024,Hindi sulit ang pera. Lubhang nadismaya ako.
11/8/2024,Mabilis ang shipping at maganda ang customer service.
11/8/2024,Maganda ang produkto pero sana mas maayos ang packaging.
11/8/2024,Satisfied ako sa pagbili ko. Bibili ulit ako.
11/8/2024,Eksaktong katulad ng inilarawan. Masaya ako.
11/8/2024,Mababa ang kalidad. Hindi ko ito irerekomenda.
11/8/2024,Mahusay na produkto at serbisyo. Bibili ulit ako.
